{"products":[{"productId":"0.20006492680376464","qty":1}],"totalprice":170.07000000000005}